Date,USAQI
2013-01-02,36
2013-01-03,39
2013-01-04,34
2013-01-05,28
2013-01-06,38
2013-01-07,42
2013-01-08,56
2013-01-09,54
2013-01-10,29
2013-01-11,22
2013-01-12,21
2013-01-13,34
2013-01-14,63
2013-01-15,95
2013-01-16,88
2013-01-17,52
2013-01-18,30
2013-01-19,40
2013-01-20,46
2013-01-21,45
2013-01-22,37
2013-01-23,51
2013-01-24,74
2013-01-25,70
2013-01-26,70
2013-01-27,98
2013-01-28,69
2013-01-29,52
2013-01-30,23
2013-01-31,28
2013-02-01,29
2013-02-02,27
2013-02-03,36
2013-02-04,27
2013-02-05,33
2013-02-06,39
2013-02-07,51
2013-02-08,46
2013-02-09,41
2013-02-10,46
2013-02-11,55
2013-02-12,66
2013-02-13,94
2013-02-14,81
2013-02-15,76
2013-02-16,123
2013-02-17,123
2013-02-18,89
2013-02-19,65
2013-02-20,30
2013-02-21,40
2013-02-22,58
2013-02-23,64
2013-02-24,42
2013-02-25,60
2013-02-26,80
2013-02-27,74
2013-02-28,75
2013-03-01,67
2013-03-02,50
2013-03-03,48
2013-03-04,52
2013-03-05,63
2013-03-06,90
2013-03-07,106
2013-03-08,70
2013-03-09,36
2013-03-10,34
2013-03-11,31
2013-03-12,49
2013-03-13,57
2013-03-14,85
2013-03-15,89
2013-03-16,73
2013-03-17,64
2013-03-18,66
2013-03-19,48
2013-03-20,41
2013-03-21,53
2013-03-22,55
2013-03-23,40
2013-03-24,39
2013-03-25,50
2013-03-26,46
2013-03-27,43
2013-03-28,50
2013-03-29,67
2013-03-30,74
2013-03-31,57
2013-04-01,47
2013-04-02,55
2013-04-03,54
2013-04-04,53
2013-04-05,57
2013-04-06,51
2013-04-07,51
2013-04-08,63
2013-04-09,68
2013-04-10,81
2013-04-11,75
2013-04-12,57
2013-04-13,46
2013-04-14,47
2013-04-15,52
2013-04-16,59
2013-04-17,69
2013-04-18,58
2013-04-19,52
2013-04-20,39
2013-04-21,33
2013-04-22,47
2013-04-23,88
2013-04-24,68
2013-04-25,75
2013-04-26,80
2013-04-27,53
2013-04-28,34
2013-04-29,36
2013-04-30,52
2013-05-01,40
2013-05-02,50
2013-05-03,43
2013-05-04,38
2013-05-05,59
2013-05-06,53
2013-05-07,57
2013-05-08,47
2013-05-09,59
2013-05-10,48
2013-05-11,50
2013-05-12,50
2013-05-13,27
2013-05-14,35
2013-05-15,44
2013-05-16,45
2013-05-17,43
2013-05-18,36
2013-05-19,31
2013-05-20,36
2013-05-21,26
2013-05-22,26
2013-05-23,33
2013-05-24,33
2013-05-25,36
2013-05-26,21
2013-05-27,23
2013-05-28,33
2013-05-29,36
2013-05-30,43
2013-05-31,33
2013-06-01,27
2013-06-02,31
2013-06-03,30
2013-06-04,27
2013-06-05,27
2013-06-06,30
2013-06-07,40
2013-06-08,44
2013-06-09,45
2013-06-10,36
2013-06-11,28
2013-06-12,41
2013-06-13,53
2013-06-14,33
2013-06-15,40
2013-06-16,35
2013-06-17,38
2013-06-18,46
2013-06-19,59
2013-06-20,62
2013-06-21,60
2013-06-22,31
2013-06-23,30
2013-06-24,26
2013-06-25,28
2013-06-26,25
2013-06-27,28
2013-06-28,42
2013-06-29,44
2013-06-30,29
2013-07-01,50
2013-07-02,39
2013-07-03,40
2013-07-04,40
2013-07-05,63
2013-07-06,45
2013-07-07,42
2013-07-08,52
2013-07-09,59
2013-07-10,40
2013-07-11,29
2013-07-12,23
2013-07-13,35
2013-07-14,50
2013-07-15,39
2013-07-16,44
2013-07-17,43
2013-07-18,41
2013-07-19,39
2013-07-20,36
2013-07-21,31
2013-07-22,47
2013-07-23,42
2013-07-24,33
2013-07-25,52
2013-07-26,74
2013-07-27,87
2013-07-28,62
2013-07-29,48
2013-07-30,27
2013-07-31,31
2013-08-01,39
2013-08-02,48
2013-08-03,61
2013-08-04,47
2013-08-05,35
2013-08-06,48
2013-08-07,46
2013-08-08,49
2013-08-09,33
2013-08-10,49
2013-08-11,40
2013-08-12,37
2013-08-13,37
2013-08-14,23
2013-08-15,27
2013-08-16,45
2013-08-17,47
2013-08-18,60
2013-08-19,32
2013-08-20,25
2013-08-21,39
2013-08-22,58
2013-08-23,51
2013-08-24,30
2013-08-25,32
2013-08-26,29
2013-08-27,26
2013-08-28,37
2013-08-29,43
2013-08-30,57
2013-08-31,66
2013-09-01,39
2013-09-02,31
2013-09-03,27
2013-09-04,29
2013-09-05,34
2013-09-06,40
2013-09-07,44
2013-09-08,47
2013-09-09,36
2013-09-10,21
2013-09-11,22
2013-09-12,31
2013-09-13,54
2013-09-14,54
2013-09-15,36
2013-09-16,23
2013-09-17,28
2013-09-18,27
2013-09-19,32
2013-09-20,37
2013-09-21,39
2013-09-22,41
2013-09-23,45
2013-09-24,24
2013-09-25,25
2013-09-26,18
2013-09-27,23
2013-09-28,38
2013-09-29,29
2013-09-30,22
2013-10-01,32
2013-10-02,32
2013-10-03,38
2013-10-04,46
2013-10-05,54
2013-10-06,56
2013-10-07,55
2013-10-08,62
2013-10-09,70
2013-10-10,61
2013-10-11,57
2013-10-12,63
2013-10-13,50
2013-10-14,58
2013-10-15,58
2013-10-16,53
2013-10-17,61
2013-10-18,29
2013-10-19,24
2013-10-20,50
2013-10-21,40
2013-10-22,42
2013-10-23,51
2013-10-24,38
2013-10-25,58
2013-10-26,55
2013-10-27,36
2013-10-28,27
2013-10-29,26
2013-10-30,31
2013-10-31,53
2013-11-01,57
2013-11-02,55
2013-11-03,29
2013-11-04,23
2013-11-05,23
2013-11-06,34
2013-11-07,32
2013-11-08,34
2013-11-09,31
2013-11-10,21
2013-11-11,28
2013-11-12,52
2013-11-13,54
2013-11-14,55
2013-11-15,72
2013-11-16,81
2013-11-17,74
2013-11-18,73
2013-11-19,80
2013-11-20,71
2013-11-21,42
2013-11-22,48
2013-11-23,49
2013-11-24,36
2013-11-25,20
2013-11-26,20
2013-11-27,42
2013-11-28,58
2013-11-29,37
2013-11-30,27
2013-12-01,30
2013-12-02,37
2013-12-03,57
2013-12-04,67
2013-12-05,55
2013-12-06,27
2013-12-07,26
2013-12-08,31
2013-12-09,34
2013-12-10,45
2013-12-11,88
2013-12-12,77
2013-12-13,65
2013-12-14,73
2013-12-15,67
2013-12-16,49
2013-12-17,49
2013-12-18,66
2013-12-19,74
2013-12-20,60
2013-12-21,56
2013-12-22,32
2013-12-23,24
2013-12-24,27
2013-12-25,38
2013-12-26,47
2013-12-27,57
2013-12-28,28
2013-12-29,24
2013-12-30,39
2013-12-31,50
2014-01-01,68
2014-01-02,65
2014-01-03,51
2014-01-04,30
2014-01-05,47
2014-01-06,41
2014-01-07,24
2014-01-08,28
2014-01-09,32
2014-01-10,27
2014-01-11,35
2014-01-12,28
2014-01-13,41
2014-01-14,66
2014-01-15,76
2014-01-16,70
2014-01-17,59
2014-01-18,53
2014-01-19,66
2014-01-20,59
2014-01-21,58
2014-01-22,76
2014-01-23,83
2014-01-24,74
2014-01-25,80
2014-01-26,76
2014-01-27,77
2014-01-28,82
2014-01-29,67
2014-01-30,67
2014-01-31,73
2014-02-01,73
2014-02-02,63
2014-02-03,68
2014-02-04,64
2014-02-05,75
2014-02-06,65
2014-02-07,38
2014-02-08,26
2014-02-09,27
2014-02-10,24
2014-02-11,45
2014-02-12,40
2014-02-13,36
2014-02-14,37
2014-02-15,29
2014-02-16,28
2014-02-17,27
2014-02-18,48
2014-02-19,61
2014-02-20,68
2014-02-21,55
2014-02-22,40
2014-02-23,40
2014-02-24,50
2014-02-25,68
2014-02-26,86
2014-02-27,101
2014-02-28,104
2014-03-01,72
2014-03-02,83
2014-03-03,85
2014-03-04,85
2014-03-05,112
2014-03-06,120
2014-03-07,98
2014-03-08,90
2014-03-09,69
2014-03-10,91
2014-03-11,99
2014-03-12,56
2014-03-13,57
2014-03-14,90
2014-03-15,88
2014-03-16,34
2014-03-17,30
2014-03-18,42
2014-03-19,58
2014-03-20,47
2014-03-21,49
2014-03-22,39
2014-03-23,39
2014-03-24,53
2014-03-25,46
2014-03-26,38
2014-03-27,51
2014-03-28,61
2014-03-29,91
2014-03-30,110
2014-03-31,92
2014-04-01,98
2014-04-02,97
2014-04-03,99
2014-04-04,88
2014-04-05,62
2014-04-06,72
2014-04-07,69
2014-04-08,54
2014-04-09,34
2014-04-10,29
2014-04-11,34
2014-04-12,53
2014-04-13,55
2014-04-14,38
2014-04-15,31
2014-04-16,26
2014-04-17,31
2014-04-18,36
2014-04-19,44
2014-04-20,73
2014-04-21,54
2014-04-22,52
2014-04-23,58
2014-04-24,60
2014-04-25,62
2014-04-26,60
2014-04-27,55
2014-04-28,44
2014-04-29,52
2014-04-30,52
2014-05-01,54
2014-05-02,37
2014-05-03,29
2014-05-04,33
2014-05-05,36
2014-05-06,51
2014-05-07,52
2014-05-08,37
2014-05-09,30
2014-05-10,35
2014-05-11,32
2014-05-12,28
2014-05-13,30
2014-05-14,32
2014-05-15,29
2014-05-16,36
2014-05-17,36
2014-05-18,30
2014-05-19,42
2014-05-20,47
2014-05-21,65
2014-05-22,61
2014-05-23,61
2014-05-24,47
2014-05-25,44
2014-05-26,41
2014-05-27,36
2014-05-28,22
2014-05-29,23
2014-05-30,29
2014-05-31,37
2014-06-01,43
2014-06-02,39
2014-06-03,32
2014-06-04,36
2014-06-05,37
2014-06-06,35
2014-06-07,53
2014-06-08,63
2014-06-09,62
2014-06-10,60
2014-06-11,59
2014-06-12,42
2014-06-13,32
2014-06-14,29
2014-06-15,27
2014-06-16,29
2014-06-17,34
2014-06-18,34
2014-06-19,26
2014-06-20,26
2014-06-21,25
2014-06-22,26
2014-06-23,33
2014-06-24,24
2014-06-25,26
2014-06-26,31
2014-06-27,41
2014-06-28,50
2014-06-29,36
2014-06-30,30
2014-07-01,30
2014-07-02,28
2014-07-03,33
2014-07-04,68
2014-07-05,60
2014-07-06,42
2014-07-07,34
2014-07-08,43
2014-07-09,50
2014-07-10,40
2014-07-11,44
2014-07-12,34
2014-07-13,29
2014-07-14,35
2014-07-15,45
2014-07-16,48
2014-07-17,54
2014-07-18,63
2014-07-19,71
2014-07-20,78
2014-07-21,63
2014-07-22,47
2014-07-23,42
2014-07-24,37
2014-07-25,41
2014-07-26,50
2014-07-27,63
2014-07-28,63
2014-07-29,64
2014-07-30,56
2014-07-31,35
2014-08-01,43
2014-08-02,48
2014-08-03,53
2014-08-04,49
2014-08-05,42
2014-08-06,38
2014-08-07,42
2014-08-08,56
2014-08-09,47
2014-08-10,38
2014-08-11,32
2014-08-12,27
2014-08-13,31
2014-08-14,34
2014-08-15,32
2014-08-16,34
2014-08-17,29
2014-08-18,31
2014-08-19,26
2014-08-20,25
2014-08-21,27
2014-08-22,40
2014-08-23,32
2014-08-24,34
2014-08-25,28
2014-08-26,34
2014-08-27,34
2014-08-28,34
2014-08-29,42
2014-08-30,50
2014-08-31,40
2014-09-01,38
2014-09-02,39
2014-09-03,28
2014-09-04,37
2014-09-05,53
2014-09-06,64
2014-09-07,73
2014-09-08,68
2014-09-09,48
2014-09-10,29
2014-09-11,31
2014-09-12,44
2014-09-13,59
2014-09-14,62
2014-09-15,72
2014-09-16,84
2014-09-17,77
2014-09-18,74
2014-09-19,63
2014-09-20,75
2014-09-21,72
2014-09-22,40
2014-09-23,23
2014-09-24,32
2014-09-25,50
2014-09-26,39
2014-09-27,46
2014-09-28,44
2014-09-29,52
2014-09-30,61
2014-10-01,67
2014-10-02,83
2014-10-03,74
2014-10-04,61
2014-10-05,75
2014-10-06,86
2014-10-07,79
2014-10-08,49
2014-10-09,44
2014-10-10,41
2014-10-11,52
2014-10-12,62
2014-10-13,55
2014-10-14,56
2014-10-15,51
2014-10-16,52
2014-10-17,56
2014-10-18,58
2014-10-19,51
2014-10-20,32
2014-10-21,37
2014-10-22,27
2014-10-23,50
2014-10-24,57
2014-10-25,60
2014-10-26,66
2014-10-27,60
2014-10-28,65
2014-10-29,66
2014-10-30,81
2014-10-31,78
2014-11-01,71
2014-11-02,63
2014-11-03,57
2014-11-04,62
2014-11-05,74
2014-11-06,55
2014-11-07,61
2014-11-08,60
2014-11-09,54
2014-11-10,65
2014-11-11,61
2014-11-12,77
2014-11-13,91
2014-11-14,100
2014-11-15,90
2014-11-16,76
2014-11-17,60
2014-11-18,75
2014-11-19,71
2014-11-20,78
2014-11-21,83
2014-11-22,68
2014-11-23,64
2014-11-24,68
2014-11-25,45
2014-11-26,51
2014-11-27,73
2014-11-28,84
2014-11-29,85
2014-11-30,76
2014-12-01,76
2014-12-02,75
2014-12-03,91
2014-12-04,97
2014-12-05,106
2014-12-06,92
2014-12-07,65
2014-12-08,44
2014-12-09,54
2014-12-10,59
2014-12-11,39
2014-12-12,24
2014-12-13,24
2014-12-14,39
2014-12-15,51
2014-12-16,44
2014-12-17,45
2014-12-18,35
2014-12-19,24
2014-12-20,28
2014-12-21,28
2014-12-22,25
2014-12-23,24
2014-12-24,24
2014-12-25,27
2014-12-26,20
2014-12-27,33
2014-12-28,54
2014-12-29,52
2014-12-30,46
2014-12-31,54
2015-01-01,67
2015-01-02,54
2015-01-03,30
2015-01-04,30
2015-01-05,30
2015-01-06,53
2015-01-07,60
2015-01-08,54
2015-01-09,33
2015-01-10,27
2015-01-11,32
2015-01-12,26
2015-01-13,26
2015-01-14,25
2015-01-15,25
2015-01-16,24
2015-01-17,44
2015-01-18,65
2015-01-19,67
2015-01-20,88
2015-01-21,78
2015-01-22,75
2015-01-23,72
2015-01-24,59
2015-01-25,60
2015-01-26,44
2015-01-27,32
2015-01-28,39
2015-01-29,32
2015-01-30,33
2015-01-31,47
2015-02-01,59
2015-02-02,59
2015-02-03,42
2015-02-04,37
2015-02-05,50
2015-02-06,71
2015-02-07,85
2015-02-08,44
2015-02-09,26
2015-02-10,29
2015-02-11,40
2015-02-12,66
2015-02-13,85
2015-02-14,89
2015-02-15,129
2015-02-16,141
2015-02-17,107
2015-02-18,120
2015-02-19,74
2015-02-20,88
2015-02-21,67
2015-02-22,48
2015-02-23,63
2015-02-24,63
2015-02-25,54
2015-02-26,76
2015-02-27,79
2015-02-28,67
2015-03-01,55
2015-03-02,36
2015-03-03,29
2015-03-04,34
2015-03-05,39
2015-03-06,44
2015-03-07,70
2015-03-08,70
2015-03-09,59
2015-03-10,72
2015-03-11,64
2015-03-12,47
2015-03-13,47
2015-03-14,62
2015-03-15,74
2015-03-16,82
2015-03-17,90
2015-03-18,72
2015-03-19,81
2015-03-20,110
2015-03-21,119
2015-03-22,55
2015-03-23,42
2015-03-24,85
2015-03-25,116
2015-03-26,107
2015-03-27,81
2015-03-28,56
2015-03-29,54
2015-03-30,35
2015-03-31,32
2015-04-01,36
2015-04-02,31
2015-04-03,30
2015-04-04,33
2015-04-05,44
2015-04-06,33
2015-04-07,40
2015-04-08,51
2015-04-09,51
2015-04-10,74
2015-04-11,71
2015-04-12,44
2015-04-13,34
2015-04-14,30
2015-04-15,58
2015-04-16,47
2015-04-17,33
2015-04-18,30
2015-04-19,47
2015-04-20,45
2015-04-21,38
2015-04-22,47
2015-04-23,53
2015-04-24,67
2015-04-25,73
2015-04-26,57
2015-04-27,52
2015-04-28,36
2015-04-29,39
2015-04-30,40
2015-05-01,43
2015-05-02,41
2015-05-03,43
2015-05-04,40
2015-05-05,40
2015-05-06,42
2015-05-07,34
2015-05-08,37
2015-05-09,41
2015-05-10,42
2015-05-11,35
2015-05-12,43
2015-05-13,41
2015-05-14,30
2015-05-15,41
2015-05-16,52
2015-05-17,46
2015-05-18,42
2015-05-19,52
2015-05-20,40
2015-05-21,41
2015-05-22,43
2015-05-23,59
2015-05-24,48
2015-05-25,54
2015-05-26,38
2015-05-27,28
2015-05-28,36
2015-05-29,44
2015-05-30,40
2015-05-31,33
2015-06-01,34
2015-06-02,47
2015-06-03,35
2015-06-04,38
2015-06-05,52
2015-06-06,72
2015-06-07,47
2015-06-08,37
2015-06-09,36
2015-06-10,37
2015-06-11,45
2015-06-12,56
2015-06-13,70
2015-06-14,65
2015-06-15,43
2015-06-16,28
2015-06-17,36
2015-06-18,39
2015-06-19,31
2015-06-20,24
2015-06-21,26
2015-06-22,37
2015-06-23,37
2015-06-24,32
2015-06-25,44
2015-06-26,67
2015-06-27,84
2015-06-28,47
2015-06-29,39
2015-06-30,46
2015-07-01,35
2015-07-02,38
2015-07-03,72
2015-07-04,92
2015-07-05,89
2015-07-06,59
2015-07-07,62
2015-07-08,52
2015-07-09,33
2015-07-10,29
2015-07-11,34
2015-07-12,50
2015-07-13,50
2015-07-14,51
2015-07-15,40
2015-07-16,41
2015-07-17,52
2015-07-18,58
2015-07-19,46
2015-07-20,39
2015-07-21,32
2015-07-22,40
2015-07-23,41
2015-07-24,40
2015-07-25,48
2015-07-26,33
2015-07-27,31
2015-07-28,28
2015-07-29,32
2015-07-30,29
2015-07-31,28
2015-08-01,40
2015-08-02,64
2015-08-03,75
2015-08-04,80
2015-08-05,59
2015-08-06,66
2015-08-07,87
2015-08-08,78
2015-08-09,52
2015-08-10,52
2015-08-11,83
2015-08-12,64
2015-08-13,45
2015-08-14,68
2015-08-15,88
2015-08-16,74
2015-08-17,66
2015-08-18,60
2015-08-19,45
2015-08-20,57
2015-08-21,60
2015-08-22,62
2015-08-23,59
2015-08-24,61
2015-08-25,51
2015-08-26,26
2015-08-27,31
2015-08-28,28
2015-08-29,49
2015-08-30,62
2015-08-31,61
2015-09-01,70
2015-09-02,38
2015-09-03,34
2015-09-04,49
2015-09-05,35
2015-09-06,25
2015-09-07,23
2015-09-08,22
2015-09-09,21
2015-09-10,25
2015-09-11,44
2015-09-12,70
2015-09-13,64
2015-09-14,61
2015-09-15,39
2015-09-16,27
2015-09-17,35
2015-09-18,26
2015-09-19,41
2015-09-20,33
2015-09-21,27
2015-09-22,52
2015-09-23,43
2015-09-24,36
2015-09-25,43
2015-09-26,42
2015-09-27,35
2015-09-28,29
2015-09-29,24
2015-09-30,28
2015-10-01,47
2015-10-02,69
2015-10-03,74
2015-10-04,88
2015-10-05,98
2015-10-06,109
2015-10-07,104
2015-10-08,73
2015-10-09,69
2015-10-10,66
2015-10-11,58
2015-10-12,56
2015-10-13,69
2015-10-14,75
2015-10-15,87
2015-10-16,90
2015-10-17,68
2015-10-18,60
2015-10-19,58
2015-10-20,59
2015-10-21,53
2015-10-22,64
2015-10-23,47
2015-10-24,53
2015-10-25,68
2015-10-26,55
2015-10-27,61
2015-10-28,92
2015-10-29,109
2015-10-30,105
2015-10-31,119
2015-11-01,123
2015-11-02,83
2015-11-03,95
2015-11-04,117
2015-11-05,118
2015-11-06,103
2015-11-07,63
2015-11-08,31
2015-11-09,39
2015-11-10,31
2015-11-11,37
2015-11-12,48
2015-11-13,55
2015-11-14,37
2015-11-15,20
2015-11-16,21
2015-11-17,37
2015-11-18,25
2015-11-19,25
2015-11-20,25
2015-11-21,36
2015-11-22,38
2015-11-23,35
2015-11-24,47
2015-11-25,54
2015-11-26,52
2015-11-27,53
2015-11-28,57
2015-11-29,31
2015-11-30,28
2015-12-01,22
2015-12-02,34
2015-12-03,46
2015-12-04,58
2015-12-05,50
2015-12-06,33
2015-12-07,38
2015-12-08,59
2015-12-09,63
2015-12-10,51
2015-12-11,48
2015-12-12,34
2015-12-13,29
2015-12-14,32
2015-12-15,60
2015-12-16,84
2015-12-17,70
2015-12-18,53
2015-12-19,58
2015-12-20,60
2015-12-21,55
2015-12-22,27
2015-12-23,24
2015-12-24,38
2015-12-25,39
2015-12-26,26
2015-12-27,36
2015-12-28,55
2015-12-29,41
2015-12-30,64
2015-12-31,64
2016-01-01,85
2016-01-02,85
2016-01-03,92
2016-01-04,122
2016-01-05,150
2016-01-06,154
2016-01-07,155
2016-01-08,128
2016-01-09,46
2016-01-10,76
2016-01-11,69
2016-01-12,52
2016-01-13,44
2016-01-14,38
2016-01-15,63
2016-01-16,71
2016-01-17,59
2016-01-18,57
2016-01-19,66
2016-01-20,75
2016-01-21,54
2016-01-22,68
2016-01-23,83
2016-01-24,66
2016-01-25,56
2016-01-26,55
2016-01-27,47
2016-01-28,27
2016-01-29,39
2016-01-30,29
2016-01-31,27
2016-02-01,30
2016-02-02,31
2016-02-03,29
2016-02-04,28
2016-02-05,34
2016-02-06,46
2016-02-07,51
2016-02-08,45
2016-02-09,30
2016-02-10,26
2016-02-11,27
2016-02-12,51
2016-02-13,72
2016-02-14,95
2016-02-15,96
2016-02-16,45
2016-02-17,57
2016-02-18,70
2016-02-19,74
2016-02-20,77
2016-02-21,33
2016-02-22,27
2016-02-23,28
2016-02-24,30
2016-02-25,36
2016-02-26,50
2016-02-27,59
2016-02-28,78
2016-02-29,89
2016-03-01,67
2016-03-02,72
2016-03-03,53
2016-03-04,62
2016-03-05,73
2016-03-06,110
2016-03-07,76
2016-03-08,80
2016-03-09,97
2016-03-10,98
2016-03-11,83
2016-03-12,59
2016-03-13,58
2016-03-14,66
2016-03-15,67
2016-03-16,56
2016-03-17,77
2016-03-18,79
2016-03-19,59
2016-03-20,51
2016-03-21,36
2016-03-22,32
2016-03-23,41
2016-03-24,55
2016-03-25,75
2016-03-26,60
2016-03-27,66
2016-03-28,49
2016-03-29,28
2016-03-30,28
2016-03-31,45
2016-04-01,41
2016-04-02,41
2016-04-03,55
2016-04-04,78
2016-04-05,96
2016-04-06,72
2016-04-07,46
2016-04-08,41
2016-04-09,62
2016-04-10,60
2016-04-11,51
2016-04-12,62
2016-04-13,86
2016-04-14,73
2016-04-15,63
2016-04-16,49
2016-04-17,34
2016-04-18,29
2016-04-19,41
2016-04-20,33
2016-04-21,39
2016-04-22,41
2016-04-23,35
2016-04-24,32
2016-04-25,29
2016-04-26,32
2016-04-27,28
2016-04-28,33
2016-04-29,39
2016-04-30,50
2016-05-01,62
2016-05-02,53
2016-05-03,52
2016-05-04,40
2016-05-05,36
2016-05-06,53
2016-05-07,58
2016-05-08,54
2016-05-09,57
2016-05-10,60
2016-05-11,65
2016-05-12,61
2016-05-13,55
2016-05-14,42
2016-05-15,33
2016-05-16,29
2016-05-17,32
2016-05-18,41
2016-05-19,67
2016-05-20,66
2016-05-21,56
2016-05-22,57
2016-05-23,59
2016-05-24,65
2016-05-25,64
2016-05-26,68
2016-05-27,70
2016-05-28,59
2016-05-29,61
2016-05-30,63
2016-05-31,68
2016-06-01,59
2016-06-02,59
2016-06-03,58
2016-06-04,64
2016-06-05,65
2016-06-06,50
2016-06-07,39
2016-06-08,50
2016-06-09,55
2016-06-10,50
2016-06-11,39
2016-06-12,34
2016-06-13,49
2016-06-14,67
2016-06-15,47
2016-06-16,40
2016-06-17,34
2016-06-18,47
2016-06-19,46
2016-06-20,40
2016-06-21,39
2016-06-22,47
2016-06-23,57
2016-06-24,68
2016-06-25,69
2016-06-26,52
2016-06-27,37
2016-06-28,35
2016-06-29,39
2016-06-30,38
2016-07-01,44
2016-07-02,39
2016-07-03,31
2016-07-04,29
2016-07-05,39
2016-07-06,32
2016-07-07,29
2016-07-08,38
2016-07-09,40
2016-07-10,39
2016-07-11,47
2016-07-12,48
2016-07-13,42
2016-07-14,33
2016-07-15,24
2016-07-16,30
2016-07-17,42
2016-07-18,32
2016-07-19,36
2016-07-20,30
2016-07-21,38
2016-07-22,51
2016-07-23,37
2016-07-24,61
2016-07-25,69
2016-07-26,64
2016-07-27,50
2016-07-28,59
2016-07-29,51
2016-07-30,38
2016-07-31,39
2016-08-01,32
2016-08-02,33
2016-08-03,49
2016-08-04,29
2016-08-05,38
2016-08-06,39
2016-08-07,32
2016-08-08,38
2016-08-09,37
2016-08-10,25
2016-08-11,21
2016-08-12,25
2016-08-13,39
2016-08-14,40
2016-08-15,25
2016-08-16,28
2016-08-17,27
2016-08-18,35
2016-08-19,46
2016-08-20,57
2016-08-21,43
2016-08-22,34
2016-08-23,39
2016-08-24,42
2016-08-25,43
2016-08-26,54
2016-08-27,73
2016-08-28,64
2016-08-29,48
2016-08-30,27
2016-08-31,37
2016-09-01,53
2016-09-02,55
2016-09-03,56
2016-09-04,45
2016-09-05,28
2016-09-06,25
2016-09-07,35
2016-09-08,63
2016-09-09,78
2016-09-10,71
2016-09-11,72
2016-09-12,70
2016-09-13,82
2016-09-14,86
2016-09-15,59
2016-09-16,59
2016-09-17,73
2016-09-18,47
2016-09-19,39
2016-09-20,42
2016-09-21,43
2016-09-22,46
2016-09-23,59
2016-09-24,68
2016-09-25,59
2016-09-26,60
2016-09-27,66
2016-09-28,70
2016-09-29,47
2016-09-30,36
2016-10-01,44
2016-10-02,54
2016-10-03,39
2016-10-04,29
2016-10-05,21
2016-10-06,20
2016-10-07,29
2016-10-08,22
2016-10-09,17
2016-10-10,30
2016-10-11,36
2016-10-12,44
2016-10-13,53
2016-10-14,67
2016-10-15,73
2016-10-16,89
2016-10-17,88
2016-10-18,82
2016-10-19,77
2016-10-20,46
2016-10-21,60
2016-10-22,60
2016-10-23,62
2016-10-24,81
2016-10-25,98
2016-10-26,75
2016-10-27,76
2016-10-28,82
2016-10-29,42
2016-10-30,27
2016-10-31,46
2016-11-01,61
2016-11-02,36
2016-11-03,22
2016-11-04,47
2016-11-05,64
2016-11-06,69
2016-11-07,51
2016-11-08,40
2016-11-09,52
2016-11-10,76
2016-11-11,113
2016-11-12,97
2016-11-13,87
2016-11-14,82
2016-11-15,66
2016-11-16,46
2016-11-17,31
2016-11-18,22
2016-11-19,22
2016-11-20,32
2016-11-21,41
2016-11-22,68
2016-11-23,88
2016-11-24,82
2016-11-25,46
2016-11-26,61
2016-11-27,49
2016-11-28,22
2016-11-29,33
2016-11-30,54
2016-12-01,54
2016-12-02,29
2016-12-03,37
2016-12-04,71
2016-12-05,77
2016-12-06,78
2016-12-07,75
2016-12-08,60
2016-12-09,53
2016-12-10,64
2016-12-11,56
2016-12-12,27
2016-12-13,44
2016-12-14,63
2016-12-15,55
2016-12-16,51
2016-12-17,75
2016-12-18,76
2016-12-19,56
2016-12-20,66
2016-12-21,78
2016-12-22,77
2016-12-23,62
2016-12-24,54
2016-12-25,33
2016-12-26,25
2016-12-27,33
2016-12-28,27
2016-12-29,38
2016-12-30,60
2016-12-31,62
2017-01-01,72
2017-01-02,70
2017-01-03,41
2017-01-04,30
2017-01-05,27
2017-01-06,24
2017-01-07,49
2017-01-08,71
2017-01-09,88
2017-01-10,75
2017-01-11,75
2017-01-12,44
2017-01-13,36
2017-01-14,41
2017-01-15,32
2017-01-16,31
2017-01-17,51
2017-01-18,72
2017-01-19,77
2017-01-20,88
2017-01-21,87
2017-01-22,79
2017-01-23,112
2017-01-24,97
2017-01-25,96
2017-01-26,86
2017-01-27,86
2017-01-28,107
2017-01-29,118
2017-01-30,101
2017-01-31,95
2017-02-01,130
2017-02-02,136
2017-02-03,121
2017-02-04,121
2017-02-05,107
2017-02-06,105
2017-02-07,76
2017-02-08,85
2017-02-09,102
2017-02-10,131
2017-02-11,134
2017-02-12,128
2017-02-13,143
2017-02-14,149
2017-02-15,154
2017-02-16,145
2017-02-17,94
2017-02-18,64
2017-02-19,58
2017-02-20,66
2017-02-21,39
2017-02-22,30
2017-02-23,29
2017-02-24,30
2017-02-25,27
2017-02-26,43
2017-02-27,44
2017-02-28,41
2017-03-01,30
2017-03-02,34
2017-03-03,36
2017-03-04,50
2017-03-05,56
2017-03-06,46
2017-03-07,51
2017-03-08,50
2017-03-09,58
2017-03-10,43
2017-03-11,41
2017-03-12,65
2017-03-13,79
2017-03-14,86
2017-03-15,69
2017-03-16,43
2017-03-17,63
2017-03-18,48
2017-03-19,30
2017-03-20,36
2017-03-21,35
2017-03-22,38
2017-03-23,51
2017-03-24,53
2017-03-25,47
2017-03-26,50
2017-03-27,57
2017-03-28,66
2017-03-29,75
2017-03-30,69
2017-03-31,70
2017-04-01,70
2017-04-02,72
2017-04-03,57
2017-04-04,63
2017-04-05,82
2017-04-06,48
2017-04-07,34
2017-04-08,35
2017-04-09,48
2017-04-10,76
2017-04-11,43
2017-04-12,49
2017-04-13,53
2017-04-14,34
2017-04-15,59
2017-04-16,44
2017-04-17,31
2017-04-18,39
2017-04-19,40
2017-04-20,33
2017-04-21,58
2017-04-22,51
2017-04-23,32
2017-04-24,31
2017-04-25,51
2017-04-26,35
2017-04-27,40
2017-04-28,58
2017-04-29,64
2017-04-30,45
2017-05-01,58
2017-05-02,60
2017-05-03,70
2017-05-04,56
2017-05-05,47
2017-05-06,69
2017-05-07,58
2017-05-08,29
2017-05-09,29
2017-05-10,34
2017-05-11,51
2017-05-12,70
2017-05-13,75
2017-05-14,84
2017-05-15,55
2017-05-16,46
2017-05-17,47
2017-05-18,58
2017-05-19,70
2017-05-20,56
2017-05-21,55
2017-05-22,44
2017-05-23,57
2017-05-24,44
2017-05-25,31
2017-05-26,41
2017-05-27,40
2017-05-28,45
2017-05-29,54
2017-05-30,53
2017-05-31,57
2017-06-01,37
2017-06-02,38
2017-06-03,32
2017-06-04,55
2017-06-05,45
2017-06-06,51
2017-06-07,34
2017-06-08,27
2017-06-09,38
2017-06-10,34
2017-06-11,48
2017-06-12,41
2017-06-13,33
2017-06-14,32
2017-06-15,36
2017-06-16,46
2017-06-17,32
2017-06-18,29
2017-06-19,41
2017-06-20,50
2017-06-21,36
2017-06-22,34
2017-06-23,52
2017-06-24,48
2017-06-25,47
2017-06-26,32
2017-06-27,32
2017-06-28,42
2017-06-29,67
2017-06-30,38
2017-07-01,38
2017-07-02,38
2017-07-03,32
2017-07-04,30
2017-07-05,29
2017-07-06,36
2017-07-07,46
2017-07-08,65
2017-07-09,51
2017-07-10,43
2017-07-11,56
2017-07-12,54
2017-07-13,33
2017-07-14,33
2017-07-15,50
2017-07-16,46
2017-07-17,38
2017-07-18,35
2017-07-19,45
2017-07-20,61
2017-07-21,59
2017-07-22,49
2017-07-23,54
2017-07-24,39
2017-07-25,30
2017-07-26,32
2017-07-27,40
2017-07-28,47
2017-07-29,40
2017-07-30,43
2017-07-31,35
2017-08-01,43
2017-08-02,48
2017-08-03,58
2017-08-04,45
2017-08-05,31
2017-08-06,31
2017-08-07,32
2017-08-08,40
2017-08-09,47
2017-08-10,45
2017-08-11,53
2017-08-12,43
2017-08-13,28
2017-08-14,32
2017-08-15,42
2017-08-16,52
2017-08-17,61
2017-08-18,54
2017-08-19,35
2017-08-20,31
2017-08-21,25
2017-08-22,24
2017-08-23,29
2017-08-24,50
2017-08-25,67
2017-08-26,56
2017-08-27,69
2017-08-28,41
2017-08-29,40
2017-08-30,59
2017-08-31,55
2017-09-01,34
2017-09-02,32
2017-09-03,29
2017-09-04,27
2017-09-05,38
2017-09-06,57
2017-09-07,34
2017-09-08,41
2017-09-09,47
2017-09-10,33
2017-09-11,24
2017-09-12,20
2017-09-13,24
2017-09-14,25
2017-09-15,22
2017-09-16,31
2017-09-17,49
2017-09-18,49
2017-09-19,48
2017-09-20,55
2017-09-21,51
2017-09-22,57
2017-09-23,61
2017-09-24,57
2017-09-25,82
2017-09-26,75
2017-09-27,90
2017-09-28,85
2017-09-29,89
2017-09-30,87
2017-10-01,73
2017-10-02,51
2017-10-03,40
2017-10-04,29
2017-10-05,33
2017-10-06,23
2017-10-07,23
2017-10-08,24
2017-10-09,20
2017-10-10,39
2017-10-11,52
2017-10-12,32
2017-10-13,33
2017-10-14,61
2017-10-15,69
2017-10-16,64
2017-10-17,74
2017-10-18,89
2017-10-19,94
2017-10-20,106
2017-10-21,67
2017-10-22,48
2017-10-23,36
2017-10-24,60
2017-10-25,47
2017-10-26,43
2017-10-27,42
2017-10-28,23
2017-10-29,28
2017-10-30,24
2017-10-31,23
2017-11-01,46
2017-11-02,58
2017-11-03,58
2017-11-04,67
2017-11-05,76
2017-11-06,52
2017-11-07,50
2017-11-08,76
2017-11-09,99
2017-11-10,85
2017-11-11,31
2017-11-12,31
2017-11-13,50
2017-11-14,44
2017-11-15,56
2017-11-16,68
2017-11-17,67
2017-11-18,50
2017-11-19,31
2017-11-20,23
2017-11-21,42
2017-11-22,46
2017-11-23,51
2017-11-24,43
2017-11-25,47
2017-11-26,49
2017-11-27,43
2017-11-28,22
2017-11-29,39
2017-11-30,74
2017-12-01,75
2017-12-02,68
2017-12-03,68
2017-12-04,52
2017-12-05,26
2017-12-06,48
2017-12-07,52
2017-12-08,43
2017-12-09,31
2017-12-10,33
2017-12-11,33
2017-12-12,40
2017-12-13,39
2017-12-14,28
2017-12-15,32
2017-12-16,64
2017-12-17,49
2017-12-18,42
2017-12-19,66
2017-12-20,64
2017-12-21,56
2017-12-22,44
2017-12-23,44
2017-12-24,52
2017-12-25,30
2017-12-26,31
2017-12-27,32
2017-12-28,61
2017-12-29,48
2017-12-30,45
2017-12-31,31
2018-01-01,26
2018-01-02,24
2018-01-03,30
2018-01-04,27
2018-01-05,25
2018-01-06,32
2018-01-07,35
2018-01-08,32
2018-01-09,57
2018-01-10,72
2018-01-11,92
2018-01-12,94
2018-01-13,84
2018-01-14,63
2018-01-15,67
2018-01-16,48
2018-01-17,28
2018-01-18,26
2018-01-19,25
2018-01-20,49
2018-01-21,61
2018-01-22,65
2018-01-23,75
2018-01-24,55
2018-01-25,24
2018-01-26,52
2018-01-27,64
2018-01-28,54
2018-01-29,30
2018-01-30,29
2018-01-31,32
2018-02-01,24
2018-02-02,32
2018-02-03,41
2018-02-04,37
2018-02-05,57
2018-02-06,56
2018-02-07,77
2018-02-08,121
2018-02-09,120
2018-02-10,142
2018-02-11,97
2018-02-12,49
2018-02-13,52
2018-02-14,72
2018-02-15,80
2018-02-16,71
2018-02-17,63
2018-02-18,52
2018-02-19,51
2018-02-20,77
2018-02-21,81
2018-02-22,62
2018-02-23,61
2018-02-24,57
2018-02-25,31
2018-02-26,46
2018-02-27,50
2018-02-28,65
2018-03-01,70
2018-03-02,87
2018-03-03,102
2018-03-04,103
2018-03-05,130
2018-03-06,123
2018-03-07,106
2018-03-08,91
2018-03-09,49
2018-03-10,68
2018-03-11,65
2018-03-12,70
2018-03-13,56
2018-03-14,37
2018-03-15,52
2018-03-16,65
2018-03-17,42
2018-03-18,42
2018-03-19,40
2018-03-20,55
2018-03-21,39
2018-03-22,49
2018-03-23,60
2018-03-24,59
2018-03-25,85
2018-03-26,86
2018-03-27,54
2018-03-28,58
2018-03-29,67
2018-03-30,53
2018-03-31,61
2018-04-01,52
2018-04-02,48
2018-04-03,62
2018-04-04,43
2018-04-05,35
2018-04-06,33
2018-04-07,36
2018-04-08,51
2018-04-09,68
2018-04-10,73
2018-04-11,76
2018-04-12,83
2018-04-13,85
2018-04-14,64
2018-04-15,76
2018-04-16,60
2018-04-17,70
2018-04-18,60
2018-04-19,65
2018-04-20,54
2018-04-21,57
2018-04-22,50
2018-04-23,53
2018-04-24,53
2018-04-25,54
2018-04-26,33
2018-04-27,32
2018-04-28,47
2018-04-29,51
2018-04-30,54
2018-05-01,41
2018-05-02,34
2018-05-03,49
2018-05-04,43
2018-05-05,39
2018-05-06,35
2018-05-07,35
2018-05-08,42
2018-05-09,48
2018-05-10,60
2018-05-11,62
2018-05-12,61
2018-05-13,63
2018-05-14,52
2018-05-15,56
2018-05-16,59
2018-05-17,58
2018-05-18,58
2018-05-19,54
2018-05-20,36
2018-05-21,38
2018-05-22,44
2018-05-23,44
2018-05-24,45
2018-05-25,45
2018-05-26,47
2018-05-27,54
2018-05-28,68
2018-05-29,73
2018-05-30,63
2018-05-31,67
2018-06-01,71
2018-06-02,69
2018-06-03,67
2018-06-04,57
2018-06-05,56
2018-06-06,44
2018-06-07,45
2018-06-08,57
2018-06-09,70
2018-06-10,58
2018-06-11,60
2018-06-12,41
2018-06-13,29
2018-06-14,33
2018-06-15,46
2018-06-16,53
2018-06-17,59
2018-06-18,47
2018-06-19,40
2018-06-20,40
2018-06-21,44
2018-06-22,28
2018-06-23,29
2018-06-24,21
2018-06-25,27
2018-06-26,43
2018-06-27,32
2018-06-28,36
2018-06-29,42
2018-06-30,29
2018-07-01,29
2018-07-02,29
2018-07-03,33
2018-07-04,61
2018-07-05,69
2018-07-06,34
2018-07-07,35
2018-07-08,33
2018-07-09,36
2018-07-10,32
2018-07-11,37
2018-07-12,30
2018-07-13,42
2018-07-14,45
2018-07-15,30
2018-07-16,33
2018-07-17,40
2018-07-18,50
2018-07-19,40
2018-07-20,44
2018-07-21,42
2018-07-22,49
2018-07-23,51
2018-07-24,36
2018-07-25,35
2018-07-26,39
2018-07-27,43
2018-07-28,53
2018-07-29,47
2018-07-30,47
2018-07-31,54
2018-08-01,52
2018-08-02,47
2018-08-03,64
2018-08-04,69
2018-08-05,36
2018-08-06,30
2018-08-07,53
2018-08-08,66
2018-08-09,73
2018-08-10,46
2018-08-11,29
2018-08-12,33
2018-08-13,38
2018-08-14,29
2018-08-15,29
2018-08-16,40
2018-08-17,58
2018-08-18,39
2018-08-19,53
2018-08-20,50
2018-08-21,32
2018-08-22,35
2018-08-23,55
2018-08-24,60
2018-08-25,44
2018-08-26,30
2018-08-27,25
2018-08-28,32
2018-08-29,42
2018-08-30,54
2018-08-31,39
2018-09-01,33
2018-09-02,31
2018-09-03,43
2018-09-04,47
2018-09-05,44
2018-09-06,51
2018-09-07,57
2018-09-08,44
2018-09-09,40
2018-09-10,40
2018-09-11,38
2018-09-12,33
2018-09-13,22
2018-09-14,27
2018-09-15,40
2018-09-16,33
2018-09-17,47
2018-09-18,60
2018-09-19,63
2018-09-20,62
2018-09-21,63
2018-09-22,35
2018-09-23,23
2018-09-24,25
2018-09-25,24
2018-09-26,26
2018-09-27,29
2018-09-28,32
2018-09-29,23
2018-09-30,38
2018-10-01,54
2018-10-02,29
2018-10-03,27
2018-10-04,21
2018-10-05,39
2018-10-06,52
2018-10-07,54
2018-10-08,32
2018-10-09,55
2018-10-10,72
2018-10-11,76
2018-10-12,79
2018-10-13,82
2018-10-14,78
2018-10-15,69
2018-10-16,81
2018-10-17,99
2018-10-18,120
2018-10-19,56
2018-10-20,42
2018-10-21,51
2018-10-22,51
2018-10-23,32
2018-10-24,30
2018-10-25,24
2018-10-26,27
2018-10-27,35
2018-10-28,18
2018-10-29,21
2018-10-30,50
2018-10-31,26
2018-11-01,53
2018-11-02,57
2018-11-03,58
2018-11-04,71
2018-11-05,88
2018-11-06,78
2018-11-07,80
2018-11-08,89
2018-11-09,67
2018-11-10,78
2018-11-11,73
2018-11-12,57
2018-11-13,52
2018-11-14,42
2018-11-15,55
2018-11-16,57
2018-11-17,68
2018-11-18,81
2018-11-19,44
2018-11-20,48
2018-11-21,72
2018-11-22,79
2018-11-23,87
2018-11-24,100
2018-11-25,101
2018-11-26,86
2018-11-27,67
2018-11-28,62
2018-11-29,70
2018-11-30,68
2018-12-01,72
2018-12-02,58
2018-12-03,28
2018-12-04,24
2018-12-05,25
2018-12-06,35
2018-12-07,35
2018-12-08,26
2018-12-09,27
2018-12-10,30
2018-12-11,18
2018-12-12,21
2018-12-13,53
2018-12-14,58
2018-12-15,61
2018-12-16,68
2018-12-17,73
2018-12-18,70
2018-12-19,61
2018-12-20,68
2018-12-21,50
2018-12-22,24
2018-12-23,29
2018-12-24,27
2018-12-25,21
2018-12-26,30
2018-12-27,51
2018-12-28,51
2018-12-29,50
2018-12-30,41
2018-12-31,30
2019-01-01,46
2019-01-02,31
2019-01-03,23
2019-01-04,37
2019-01-05,29
2019-01-06,24
2019-01-07,45
2019-01-08,34
2019-01-09,24
2019-01-10,25
2019-01-11,35
2019-01-12,42
2019-01-13,28
2019-01-14,32
2019-01-15,29
2019-01-16,42
2019-01-17,38
2019-01-18,26
2019-01-19,45
2019-01-20,78
2019-01-21,85
2019-01-22,99
2019-01-23,115
2019-01-24,102
2019-01-25,93
2019-01-26,83
2019-01-27,50
2019-01-28,30
2019-01-29,42
2019-01-30,57
2019-01-31,80
2019-02-01,100
2019-02-02,117
2019-02-03,99
2019-02-04,58
2019-02-05,54
2019-02-06,62
2019-02-07,63
2019-02-08,58
2019-02-09,38
2019-02-10,27
2019-02-11,27
2019-02-12,30
2019-02-13,52
2019-02-14,71
2019-02-15,72
2019-02-16,74
2019-02-17,76
2019-02-18,88
2019-02-19,83
2019-02-20,53
2019-02-21,62
2019-02-22,53
2019-02-23,43
2019-02-24,71
2019-02-25,72
2019-02-26,83
2019-02-27,110
2019-02-28,84
2019-03-01,97
2019-03-02,60
2019-03-03,55
2019-03-04,35
2019-03-05,30
2019-03-06,38
2019-03-07,40
2019-03-08,33
2019-03-09,31
2019-03-10,35
2019-03-11,31
2019-03-12,30
2019-03-13,34
2019-03-14,30
2019-03-15,31
2019-03-16,34
2019-03-17,30
2019-03-18,33
2019-03-19,30
2019-03-20,42
2019-03-21,65
2019-03-22,77
2019-03-23,82
2019-03-24,67
2019-03-25,36
2019-03-26,30
2019-03-27,29
2019-03-28,36
2019-03-29,48
2019-03-30,59
2019-03-31,69
2019-04-01,39
2019-04-02,41
2019-04-03,73
2019-04-04,85
2019-04-05,83
2019-04-06,98
2019-04-07,89
2019-04-08,81
2019-04-09,66
2019-04-10,58
2019-04-11,46
2019-04-12,34
2019-04-13,50
2019-04-14,56
2019-04-15,53
2019-04-16,54
2019-04-17,63
2019-04-18,63
2019-04-19,72
2019-04-20,60
2019-04-21,56
2019-04-22,49
2019-04-23,60
2019-04-24,65
2019-04-25,68
2019-04-26,51
2019-04-27,54
2019-04-28,41
2019-04-29,36
2019-04-30,46
2019-05-01,58
2019-05-02,55
2019-05-03,46
2019-05-04,32
2019-05-05,31
2019-05-06,32
2019-05-07,31
2019-05-08,39
2019-05-09,37
2019-05-10,36
2019-05-11,40
2019-05-12,36
2019-05-13,31
2019-05-14,31
2019-05-15,33
2019-05-16,28
2019-05-17,47
2019-05-18,56
2019-05-19,57
2019-05-20,56
2019-05-21,55
2019-05-22,44
2019-05-23,38
2019-05-24,46
2019-05-25,38
2019-05-26,35
2019-05-27,35
2019-05-28,40
2019-05-29,35
2019-05-30,35
2019-05-31,35
2019-06-01,51
2019-06-02,53
2019-06-03,48
2019-06-04,55
2019-06-05,66
2019-06-06,58
2019-06-07,49
2019-06-08,40
2019-06-09,34
2019-06-10,40
2019-06-11,60
2019-06-12,62
2019-06-13,49
2019-06-14,45
2019-06-15,56
2019-06-16,47
2019-06-17,51
2019-06-18,51
2019-06-19,59
2019-06-20,51
2019-06-21,47
2019-06-22,43
2019-06-23,41
2019-06-24,41
2019-06-25,58
2019-06-26,89
2019-06-27,50
2019-06-28,35
2019-06-29,44
2019-06-30,69
2019-07-01,49
2019-07-02,36
2019-07-03,30
2019-07-04,31
2019-07-05,29
2019-07-06,31
2019-07-07,32
2019-07-08,28
2019-07-09,26
2019-07-10,23
2019-07-11,36
2019-07-12,45
2019-07-13,49
2019-07-14,40
2019-07-15,35
2019-07-16,28
2019-07-17,29
2019-07-18,40
2019-07-19,44
2019-07-20,52
2019-07-21,40
2019-07-22,35
2019-07-23,50
2019-07-24,39
2019-07-25,42
2019-07-26,35
2019-07-27,38
2019-07-28,49
2019-07-29,60
2019-07-30,63
2019-07-31,58
2019-08-01,45
2019-08-02,37
2019-08-03,44
2019-08-04,36
2019-08-05,35
2019-08-06,50
2019-08-07,49
2019-08-08,47
2019-08-09,40
2019-08-10,36
2019-08-11,33
2019-08-12,33
2019-08-13,35
2019-08-14,34
2019-08-15,36
2019-08-16,32
2019-08-17,38
2019-08-18,28
2019-08-19,27
2019-08-20,35
2019-08-21,38
2019-08-22,42
2019-08-23,50
2019-08-24,58
2019-08-25,53
2019-08-26,54
2019-08-27,63
2019-08-28,66
2019-08-29,66
2019-08-30,62
2019-08-31,70
2019-09-01,61
2019-09-02,37
2019-09-03,29
2019-09-04,44
2019-09-05,40
2019-09-06,27
2019-09-07,34
2019-09-08,40
2019-09-09,27
2019-09-10,31
2019-09-11,35
2019-09-12,37
2019-09-13,40
2019-09-14,31
2019-09-15,43
2019-09-16,30
2019-09-17,36
2019-09-18,25
2019-09-19,23
2019-09-20,28
2019-09-21,31
2019-09-22,49
2019-09-23,48
2019-09-24,69
2019-09-25,66
2019-09-26,52
2019-09-27,36
2019-09-28,33
2019-09-29,20
2019-09-30,24
2019-10-01,23
2019-10-02,23
2019-10-03,17
2019-10-04,30
2019-10-05,31
2019-10-06,31
2019-10-07,39
2019-10-08,53
2019-10-09,32
2019-10-10,23
2019-10-11,25
2019-10-12,24
2019-10-13,41
2019-10-14,42
2019-10-15,59
2019-10-16,69
2019-10-17,30
2019-10-18,32
2019-10-19,24
2019-10-20,42
2019-10-21,65
2019-10-22,72
2019-10-23,57
2019-10-24,89
2019-10-25,90
2019-10-26,40
2019-10-27,29
2019-10-28,27
2019-10-29,32
2019-10-30,42
2019-10-31,60
2019-11-01,75
2019-11-02,60
2019-11-03,37
2019-11-04,58
2019-11-05,38
2019-11-06,37
2019-11-07,44
2019-11-08,55
2019-11-09,71
2019-11-10,61
2019-11-11,68
2019-11-12,61
2019-11-13,58
2019-11-14,58
2019-11-15,66
2019-11-16,74
2019-11-17,69
2019-11-18,69
2019-11-19,43
2019-11-20,52
2019-11-21,78
2019-11-22,85
2019-11-23,78
2019-11-24,84
2019-11-25,96
2019-11-26,96
2019-11-27,60
2019-11-28,37
2019-11-29,23
2019-11-30,27
2019-12-01,57
2019-12-02,62
2019-12-03,41
2019-12-04,55
2019-12-05,70
2019-12-06,73
2019-12-07,41
2019-12-08,24
2019-12-09,25
2019-12-10,26
2019-12-11,39
2019-12-12,51
2019-12-13,63
2019-12-14,55
2019-12-15,28
2019-12-16,25
2019-12-17,48
2019-12-18,41
2019-12-19,58
2019-12-20,76
2019-12-21,64
2019-12-22,55
2019-12-23,56
2019-12-24,39
2019-12-25,32
2019-12-26,31
2019-12-27,33
2019-12-28,22
2019-12-29,38
2019-12-30,52
2019-12-31,46
2020-01-01,58
2020-01-02,65
2020-01-03,56
2020-01-04,34
2020-01-05,31
2020-01-06,46
2020-01-07,58
2020-01-08,56
2020-01-09,40
2020-01-10,39
2020-01-11,26
2020-01-12,36
2020-01-13,37
2020-01-14,46
2020-01-15,30
2020-01-16,32
2020-01-17,59
2020-01-18,61
2020-01-19,46
2020-01-20,52
2020-01-21,51
2020-01-22,59
2020-01-23,45
2020-01-24,63
2020-01-25,70
2020-01-26,61
2020-01-27,70
2020-01-28,53
2020-01-29,28
2020-01-30,27
2020-01-31,26
2020-02-01,24
2020-02-02,29
2020-02-03,27
2020-02-04,29
2020-02-05,26
2020-02-06,31
2020-02-07,49
2020-02-08,52
2020-02-09,56
2020-02-10,35
2020-02-11,32
2020-02-12,32
2020-02-13,29
2020-02-14,45
2020-02-15,61
2020-02-16,36
2020-02-17,35
2020-02-18,29
2020-02-19,27
2020-02-20,31
2020-02-21,31
2020-02-22,28
2020-02-23,32
2020-02-24,31
2020-02-25,27
2020-02-26,29
2020-02-27,35
2020-02-28,43
2020-02-29,37
2020-03-01,33
2020-03-02,23
2020-03-03,45
2020-03-04,50
2020-03-05,56
2020-03-06,55
2020-03-07,62
2020-03-08,63
2020-03-09,53
2020-03-10,43
2020-03-11,29
2020-03-12,28
2020-03-13,29
2020-03-14,31
2020-03-15,38
2020-03-16,43
2020-03-17,53
2020-03-18,58
2020-03-19,57
2020-03-20,46
2020-03-21,35
2020-03-22,32
2020-03-23,30
2020-03-24,48
2020-03-25,60
2020-03-26,70
2020-03-27,85
2020-03-28,108
2020-03-29,79
2020-03-30,27
2020-03-31,31
2020-04-01,29
2020-04-02,35
2020-04-03,46
2020-04-04,36
2020-04-05,47
2020-04-06,59
2020-04-07,69
2020-04-08,48
2020-04-09,60
2020-04-10,38
2020-04-11,38
2020-04-12,57
2020-04-13,44
2020-04-14,34
2020-04-15,37
2020-04-16,47
2020-04-17,43
2020-04-18,38
2020-04-19,37
2020-04-20,36
2020-04-21,38
2020-04-22,41
2020-04-23,43
2020-04-24,53
2020-04-25,44
2020-04-26,35
2020-04-27,42
2020-04-28,64
2020-04-29,51
2020-04-30,46
2020-05-01,32
2020-05-02,28
2020-05-03,34
2020-05-04,41
2020-05-05,36
2020-05-06,32
2020-05-07,37
2020-05-08,58
2020-05-09,47
2020-05-10,50
2020-05-11,42
2020-05-12,23
2020-05-13,32
2020-05-14,33
2020-05-15,32
2020-05-16,37
2020-05-17,34
2020-05-18,37
2020-05-19,39
2020-05-20,36
2020-05-21,35
2020-05-22,39
2020-05-23,42
2020-05-24,36
2020-05-25,27
2020-05-26,34
2020-05-27,35
2020-05-28,34
2020-05-29,31
2020-05-30,33
2020-05-31,32
2020-06-01,32
2020-06-02,32
2020-06-03,34
2020-06-04,38
2020-06-05,42
2020-06-06,33
2020-06-07,26
2020-06-08,31
2020-06-09,33
2020-06-10,39
2020-06-11,43
2020-06-12,55
2020-06-13,56
2020-06-14,54
2020-06-15,39
2020-06-16,36
2020-06-17,44
2020-06-18,44
2020-06-19,42
2020-06-20,38
2020-06-21,30
2020-06-22,33
2020-06-23,30
2020-06-24,30
2020-06-25,39
2020-06-26,55
2020-06-27,64
2020-06-28,48
2020-06-29,33
2020-06-30,31
2020-07-01,25
2020-07-02,27
2020-07-03,34
2020-07-04,36
2020-07-05,25
2020-07-06,24
2020-07-07,26
2020-07-08,26
2020-07-09,30
2020-07-10,30
2020-07-11,26
2020-07-12,24
2020-07-13,27
2020-07-14,34
2020-07-15,35
2020-07-16,41
2020-07-17,25
2020-07-18,43
2020-07-19,54
2020-07-20,54
2020-07-21,30
2020-07-22,26
2020-07-23,26
2020-07-24,34
2020-07-25,32
2020-07-26,43
2020-07-27,33
2020-07-28,32
2020-07-29,30
2020-07-30,28
2020-07-31,30
2020-08-01,32
2020-08-02,31
2020-08-03,37
2020-08-04,27
2020-08-05,32
2020-08-06,39
2020-08-07,46
2020-08-08,77
2020-08-09,79
2020-08-10,63
2020-08-11,55
2020-08-12,44
2020-08-13,52
2020-08-14,51
2020-08-15,67
2020-08-16,56
2020-08-17,51
2020-08-18,47
2020-08-19,41
2020-08-20,39
2020-08-21,43
2020-08-22,39
2020-08-23,37
2020-08-24,27
2020-08-25,29
2020-08-26,24
2020-08-27,27
2020-08-28,25
2020-08-29,32
2020-08-30,38
2020-08-31,34
2020-09-01,23
2020-09-02,18
2020-09-03,28
2020-09-04,31
2020-09-05,31
2020-09-06,29
2020-09-07,24
2020-09-08,29
2020-09-09,36
2020-09-10,27
2020-09-11,33
2020-09-12,44
2020-09-13,39
2020-09-14,49
2020-09-15,58
2020-09-16,65
2020-09-17,39
2020-09-18,21
2020-09-19,30
2020-09-20,39
2020-09-21,47
2020-09-22,58
2020-09-23,67
2020-09-24,60
2020-09-25,40
2020-09-26,33
2020-09-27,21
2020-09-28,25
2020-09-29,31
2020-09-30,44
2020-10-01,57
2020-10-02,71
2020-10-03,67
2020-10-04,43
2020-10-05,23
2020-10-06,23
2020-10-07,17
2020-10-08,28
2020-10-09,22
2020-10-10,31
2020-10-11,37
2020-10-12,32
2020-10-13,47
2020-10-14,28
2020-10-15,22
2020-10-16,20
2020-10-17,26
2020-10-18,43
2020-10-19,35
2020-10-20,51
2020-10-21,57
2020-10-22,56
2020-10-23,52
2020-10-24,48
2020-10-25,38
2020-10-26,48
2020-10-27,46
2020-10-28,31
2020-10-29,25
2020-10-30,31
2020-10-31,28
2020-11-01,45
2020-11-02,33
2020-11-03,27
2020-11-04,36
2020-11-05,39
2020-11-06,47
2020-11-07,56
2020-11-08,76
2020-11-09,87
2020-11-10,86
2020-11-11,71
2020-11-12,71
2020-11-13,59
2020-11-14,59
2020-11-15,57
2020-11-16,50
2020-11-17,30
2020-11-18,30
2020-11-19,30
2020-11-20,24
2020-11-21,42
2020-11-22,33
2020-11-23,32
2020-11-24,42
2020-11-25,60
2020-11-26,66
2020-11-27,67
2020-11-28,43
2020-11-29,40
2020-11-30,36
2020-12-01,60
2020-12-02,80
2020-12-03,107
2020-12-04,84
2020-12-05,72
2020-12-06,69
2020-12-07,58
2020-12-08,70
2020-12-09,94
2020-12-10,95
2020-12-11,78
2020-12-12,87
2020-12-13,92
2020-12-14,83
2020-12-15,58
2020-12-16,61
2020-12-17,62
2020-12-18,56
2020-12-19,57
2020-12-20,58
2020-12-21,57
2020-12-22,43
2020-12-23,27
2020-12-24,31
2020-12-25,21
2020-12-26,26
2020-12-27,38
2020-12-28,33
2020-12-29,58
2020-12-30,45
2020-12-31,45
2021-01-01,72
2021-01-02,63
2021-01-03,56
2021-01-04,37
2021-01-05,53
2021-01-06,34
2021-01-07,26
2021-01-08,48
2021-01-09,46
2021-01-10,50
2021-01-11,55
2021-01-12,46
2021-01-13,28
2021-01-14,25
2021-01-15,34
2021-01-16,30
2021-01-17,42
2021-01-18,69
2021-01-19,61
2021-01-20,32
2021-01-21,27
2021-01-22,26
2021-01-23,37
2021-01-24,56
2021-01-25,52
2021-01-26,66
2021-01-27,62
2021-01-28,52
2021-01-29,31
2021-01-30,44
2021-01-31,49
2021-02-01,66
2021-02-02,89
2021-02-03,67
2021-02-04,51
2021-02-05,55
2021-02-06,61
2021-02-07,53
2021-02-08,52
2021-02-09,56
2021-02-10,69
2021-02-11,54
2021-02-12,32
2021-02-13,32
2021-02-14,62
2021-02-15,78
2021-02-16,65
2021-02-17,74
2021-02-18,58
2021-02-19,46
2021-02-20,54
2021-02-21,62
2021-02-22,70
2021-02-23,74
2021-02-24,79
2021-02-25,86
2021-02-26,77
2021-02-27,38
2021-02-28,41
2021-03-01,51
2021-03-02,64
2021-03-03,77
2021-03-04,84
2021-03-05,48
2021-03-06,32
2021-03-07,35
2021-03-08,36
2021-03-09,29
2021-03-10,52
2021-03-11,64
2021-03-12,36
2021-03-13,31
2021-03-14,33
2021-03-15,27
2021-03-16,28
2021-03-17,33
2021-03-18,36
2021-03-19,45
2021-03-20,29
2021-03-21,30
2021-03-22,30
2021-03-23,30
2021-03-24,61
2021-03-25,103
2021-03-26,110
2021-03-27,95
2021-03-28,35
2021-03-29,32
2021-03-30,45
2021-03-31,65
2021-04-01,70
2021-04-02,48
2021-04-03,34
2021-04-04,32
2021-04-05,44
2021-04-06,32
2021-04-07,32
2021-04-08,33
2021-04-09,37
2021-04-10,53
2021-04-11,68
2021-04-12,45
2021-04-13,29
2021-04-14,33
2021-04-15,34
2021-04-16,37
2021-04-17,34
2021-04-18,52
2021-04-19,58
2021-04-20,54
2021-04-21,51
2021-04-22,41
2021-04-23,35
2021-04-24,34
2021-04-25,33
2021-04-26,30
2021-04-27,32
2021-04-28,48
2021-04-29,67
2021-04-30,56
2021-05-01,50
2021-05-02,65
2021-05-03,44
2021-05-04,37
2021-05-05,36
2021-05-06,33
2021-05-07,33
2021-05-08,31
2021-05-09,40
2021-05-10,47
2021-05-11,49
2021-05-12,44
2021-05-13,39
2021-05-14,27
2021-05-15,30
2021-05-16,28
2021-05-17,27
2021-05-18,25
2021-05-19,36
2021-05-20,33
2021-05-21,33
2021-05-22,30
2021-05-23,30
2021-05-24,31
2021-05-25,31
2021-05-26,31
2021-05-27,29
2021-05-28,24
2021-05-29,32
2021-05-30,37
2021-05-31,34
2021-06-01,37
2021-06-02,36
2021-06-03,49
2021-06-04,50
2021-06-05,59
2021-06-06,58
2021-06-07,47
2021-06-08,46
2021-06-09,40
2021-06-10,44
2021-06-11,44
2021-06-12,41
2021-06-13,32
2021-06-14,36
2021-06-15,38
2021-06-16,40
2021-06-17,60
2021-06-18,65
2021-06-19,74
2021-06-20,64
2021-06-21,55
2021-06-22,44
2021-06-23,40
2021-06-24,46
2021-06-25,45
2021-06-26,42
2021-06-27,35
2021-06-28,40
2021-06-29,48
2021-06-30,57
2021-07-01,35
2021-07-02,37
2021-07-03,47
2021-07-04,45
2021-07-05,50
2021-07-06,33
2021-07-07,24
2021-07-08,35
2021-07-09,37
2021-07-10,32
2021-07-11,46
2021-07-12,49
2021-07-13,54
2021-07-14,53
2021-07-15,45
2021-07-16,45
2021-07-17,53
2021-07-18,35
2021-07-19,31
2021-07-20,34
2021-07-21,37
2021-07-22,41
2021-07-23,51
2021-07-24,56
2021-07-25,59
2021-07-26,62
2021-07-27,45
2021-07-28,36
2021-07-29,33
2021-07-30,31
2021-07-31,36
2021-08-01,32
2021-08-02,27
2021-08-03,26
2021-08-04,30
2021-08-05,33
2021-08-06,43
2021-08-07,32
2021-08-08,25
2021-08-09,23
2021-08-10,26
2021-08-11,31
2021-08-12,45
2021-08-13,48
2021-08-14,44
2021-08-15,37
2021-08-16,37
2021-08-17,28
2021-08-18,34
2021-08-19,31
2021-08-20,36
2021-08-21,38
2021-08-22,30
2021-08-23,34
2021-08-24,29
2021-08-25,27
2021-08-26,24
2021-08-27,17
2021-08-28,22
2021-08-29,25
2021-08-30,25
2021-08-31,36
2021-09-01,39
2021-09-02,47
2021-09-03,53
2021-09-04,56
2021-09-05,52
2021-09-06,41
2021-09-07,52
2021-09-08,57
2021-09-09,61
2021-09-10,60
2021-09-11,59
2021-09-12,53
2021-09-13,41
2021-09-14,32
2021-09-15,48
2021-09-16,51
2021-09-17,26
2021-09-18,18
2021-09-19,26
2021-09-20,26
2021-09-21,31
2021-09-22,36
2021-09-23,52
2021-09-24,39
2021-09-25,47
2021-09-26,59
2021-09-27,51
2021-09-28,53
2021-09-29,44
2021-09-30,34
2021-10-01,25
2021-10-02,31
2021-10-03,49
2021-10-04,44
2021-10-05,36
2021-10-06,39
2021-10-07,38
2021-10-08,56
2021-10-09,66
2021-10-10,61
2021-10-11,64
2021-10-12,34
2021-10-13,18
2021-10-14,25
2021-10-15,40
2021-10-16,24
2021-10-17,30
2021-10-18,41
2021-10-19,50
2021-10-20,42
2021-10-21,33
2021-10-22,26
2021-10-23,27
2021-10-24,40
2021-10-25,46
2021-10-26,60
2021-10-27,47
2021-10-28,43
2021-10-29,67
2021-10-30,85
2021-10-31,77
2021-11-01,70
2021-11-02,51
2021-11-03,54
2021-11-04,57
2021-11-05,36
2021-11-06,35
2021-11-07,33
2021-11-08,24
2021-11-09,38
2021-11-10,54
2021-11-11,67
2021-11-12,62
2021-11-13,67
2021-11-14,78
2021-11-15,86
2021-11-16,83
2021-11-17,71
2021-11-18,51
2021-11-19,48
2021-11-20,36
2021-11-21,49
2021-11-22,30
2021-11-23,31
2021-11-24,42
2021-11-25,54
2021-11-26,61
2021-11-27,53
2021-11-28,60
2021-11-29,61
2021-11-30,40
2021-12-01,21
2021-12-02,27
2021-12-03,23
2021-12-04,41
2021-12-05,65
2021-12-06,81
2021-12-07,68
2021-12-08,75
2021-12-09,84
2021-12-10,99
2021-12-11,81
2021-12-12,68
2021-12-13,55
2021-12-14,50
2021-12-15,57
2021-12-16,50
2021-12-17,43
2021-12-18,27
2021-12-19,26
2021-12-20,21
2021-12-21,36
2021-12-22,53
2021-12-23,70
2021-12-24,61
2021-12-25,24
2021-12-26,54
2021-12-27,83
2021-12-28,107
2021-12-29,80
2021-12-30,53
2021-12-31,31
2022-01-01,38
2022-01-02,47
2022-01-03,28
2022-01-04,23
2022-01-05,23
2022-01-06,23
2022-01-07,33
2022-01-08,45
2022-01-09,46
2022-01-10,49
2022-01-11,94
2022-01-12,73
2022-01-13,59
2022-01-14,53
2022-01-15,42
2022-01-16,54
2022-01-17,46
2022-01-18,30
2022-01-19,39
2022-01-20,38
2022-01-21,24
2022-01-22,25
2022-01-23,36
2022-01-24,31
2022-01-25,45
2022-01-26,48
2022-01-27,56
2022-01-28,33
2022-01-29,34
2022-01-30,35
2022-01-31,42
2022-02-01,48
2022-02-02,33
2022-02-03,28
2022-02-04,42
2022-02-05,31
2022-02-06,29
2022-02-07,33
2022-02-08,30
2022-02-09,34
2022-02-10,35
2022-02-11,31
2022-02-12,31
2022-02-13,44
2022-02-14,46
2022-02-15,43
2022-02-16,31
2022-02-17,33
2022-02-18,30
2022-02-19,34
2022-02-20,27
2022-02-21,33
2022-02-22,31
2022-02-23,32
2022-02-24,33
2022-02-25,30
2022-02-26,30
2022-02-27,43
2022-02-28,57
2022-03-01,54
2022-03-02,67
2022-03-03,75
2022-03-04,49
2022-03-05,45
2022-03-06,49
2022-03-07,41
2022-03-08,34
2022-03-09,53
2022-03-10,60
2022-03-11,57
2022-03-12,57
2022-03-13,62
2022-03-14,65
2022-03-15,66
2022-03-16,61
2022-03-17,83
2022-03-18,71
2022-03-19,39
2022-03-20,76
2022-03-21,73
2022-03-22,69
2022-03-23,77
2022-03-24,82
2022-03-25,77
2022-03-26,80
2022-03-27,57
2022-03-28,44
2022-03-29,48
2022-03-30,39
2022-03-31,34
2022-04-01,37
2022-04-02,37
2022-04-03,33
2022-04-04,33
2022-04-05,35
2022-04-06,32
2022-04-07,32
2022-04-08,34
2022-04-09,32
2022-04-10,35
2022-04-11,32
2022-04-12,36
2022-04-13,51
2022-04-14,56
2022-04-15,43
2022-04-16,36
2022-04-17,33
2022-04-18,39
2022-04-19,37
2022-04-20,34
2022-04-21,35
2022-04-22,47
2022-04-23,56
2022-04-24,46
2022-04-25,43
2022-04-26,40
2022-04-27,38
2022-04-28,42
2022-04-29,45
2022-04-30,44
2022-05-01,41
2022-05-02,39
2022-05-03,44
2022-05-04,39
2022-05-05,50
2022-05-06,46
2022-05-07,43
2022-05-08,38
2022-05-09,37
2022-05-10,43
2022-05-11,47
2022-05-12,42
2022-05-13,31
2022-05-14,39
2022-05-15,38
2022-05-16,35
2022-05-17,34
2022-05-18,40
2022-05-19,48
2022-05-20,42
2022-05-21,37
2022-05-22,30
2022-05-23,31
2022-05-24,35
2022-05-25,32
2022-05-26,32
2022-05-27,33
2022-05-28,32
2022-05-29,29
2022-05-30,27
2022-05-31,29
2022-06-01,34
2022-06-02,34
2022-06-03,38
2022-06-04,38
2022-06-05,40
2022-06-06,47
2022-06-07,38
2022-06-08,31
2022-06-09,28
2022-06-10,33
2022-06-11,34
2022-06-12,36
2022-06-13,34
2022-06-14,31
2022-06-15,36
2022-06-16,37
2022-06-17,34
2022-06-18,58
2022-06-19,54
2022-06-20,38
2022-06-21,29
2022-06-22,34
2022-06-23,39
2022-06-24,55
2022-06-25,56
2022-06-26,63
2022-06-27,61
2022-06-28,42
2022-06-29,36
2022-06-30,40
2022-07-01,50
2022-07-02,43
2022-07-03,41
2022-07-04,39
2022-07-05,32
2022-07-06,31
2022-07-07,23
2022-07-08,26
2022-07-09,25
2022-07-10,25
2022-07-11,26
2022-07-12,26
2022-07-13,33
2022-07-14,35
2022-07-15,28
2022-07-16,27
2022-07-17,28
2022-07-18,32
2022-07-19,49
2022-07-20,62
2022-07-21,55
2022-07-22,44
2022-07-23,33
2022-07-24,33
2022-07-25,54
2022-07-26,36
2022-07-27,29
2022-07-28,29
2022-07-29,38
2022-07-30,37
2022-07-31,41
2022-08-01,32
2022-08-02,32
2022-08-03,47
2022-08-04,61
2022-08-05,43
2022-08-06,29
2022-08-07,30
2022-08-08,32
2022-08-09,34
2022-08-10,35
2022-08-11,38
2022-08-12,37
2022-08-13,39
2022-08-14,51
2022-08-15,50
2022-08-16,59
2022-08-17,65
2022-08-18,66
2022-08-19,54
2022-08-20,54
2022-08-21,40
2022-08-22,30
2022-08-23,30
2022-08-24,37
2022-08-25,51
2022-08-26,60
2022-08-27,52
2022-08-28,39
2022-08-29,32
2022-08-30,26
2022-08-31,24
2022-09-01,24
2022-09-02,24
2022-09-03,28
2022-09-04,32
2022-09-05,35
2022-09-06,36
2022-09-07,38
2022-09-08,51
2022-09-09,42
2022-09-10,28
2022-09-11,38
2022-09-12,34
2022-09-13,34
2022-09-14,32
2022-09-15,29
2022-09-16,26
2022-09-17,24
2022-09-18,24
2022-09-19,18
2022-09-20,19
2022-09-21,21
2022-09-22,23
2022-09-23,34
2022-09-24,48
2022-09-25,57
2022-09-26,42
2022-09-27,24
2022-09-28,25
2022-09-29,33
2022-09-30,45
2022-10-01,48
2022-10-02,27
2022-10-03,24
2022-10-04,23
2022-10-05,33
2022-10-06,30
2022-10-07,35
2022-10-08,44
2022-10-09,28
2022-10-10,29
2022-10-11,34
2022-10-12,42
2022-10-13,50
2022-10-14,67
2022-10-15,56
2022-10-16,34
2022-10-17,37
2022-10-18,47
2022-10-19,32
2022-10-20,25
2022-10-21,43
2022-10-22,55
2022-10-23,46
2022-10-24,38
2022-10-25,32
2022-10-26,38
2022-10-27,44
2022-10-28,46
2022-10-29,52
2022-10-30,67
2022-10-31,71
2022-11-01,77
2022-11-02,48
2022-11-03,33
2022-11-04,46
2022-11-05,44
2022-11-06,40
2022-11-07,37
2022-11-08,26
2022-11-09,27
2022-11-10,28
2022-11-11,31
2022-11-12,39
2022-11-13,60
2022-11-14,68
2022-11-15,74
2022-11-16,70
2022-11-17,53
2022-11-18,56
2022-11-19,50
2022-11-20,46
2022-11-21,56
2022-11-22,61
2022-11-23,70
2022-11-24,79
2022-11-25,74
2022-11-26,60
2022-11-27,57
2022-11-28,58
2022-11-29,77
2022-11-30,91
2022-12-01,93
2022-12-02,77
2022-12-03,79
2022-12-04,95
2022-12-05,86
2022-12-06,57
2022-12-07,33
2022-12-08,32
2022-12-09,47
2022-12-10,51
2022-12-11,54
2022-12-12,46
2022-12-13,50
2022-12-14,66
2022-12-15,91
2022-12-16,95
2022-12-17,93
2022-12-18,70
2022-12-19,67
2022-12-20,59
2022-12-21,59
2022-12-22,54
2022-12-23,47
2022-12-24,40
2022-12-25,41
2022-12-26,34
2022-12-27,26
2022-12-28,27
2022-12-29,23
2022-12-30,23
2022-12-31,22
2023-01-01,33
2023-01-02,38
2023-01-03,28
2023-01-04,43
2023-01-05,25
2023-01-06,20
2023-01-07,29
2023-01-08,35
2023-01-09,48
2023-01-10,35
2023-01-11,32
2023-01-12,25
2023-01-13,26
2023-01-14,27
2023-01-15,30
2023-01-16,26
2023-01-17,25
2023-01-18,44
2023-01-19,57
2023-01-20,62
2023-01-21,56
2023-01-22,30
2023-01-23,54
2023-01-24,62
2023-01-25,67
2023-01-26,55
2023-01-27,44
2023-01-28,27
2023-01-29,42
2023-01-30,47
2023-01-31,29
2023-02-01,29
2023-02-02,30
2023-02-03,32
2023-02-04,27
2023-02-05,26
2023-02-06,55
2023-02-07,76
2023-02-08,87
2023-02-09,74
2023-02-10,67
2023-02-11,77
2023-02-12,46
2023-02-13,38
2023-02-14,57
2023-02-15,71
2023-02-16,79
2023-02-17,70
2023-02-18,34
2023-02-19,29
2023-02-20,28
2023-02-21,31
2023-02-22,43
2023-02-23,61
2023-02-24,61
2023-02-25,27
2023-02-26,32
2023-02-27,24
2023-02-28,46
2023-03-01,57
2023-03-02,63
2023-03-03,57
2023-03-04,51
2023-03-05,33
2023-03-06,27
2023-03-07,38
2023-03-08,33
2023-03-09,50
2023-03-10,60
2023-03-11,43
2023-03-12,31
2023-03-13,33
2023-03-14,29
2023-03-15,29
2023-03-16,27
2023-03-17,32
2023-03-18,46
2023-03-19,61
2023-03-20,56
2023-03-21,59
2023-03-22,59
2023-03-23,34
2023-03-24,26
2023-03-25,30
2023-03-26,34
2023-03-27,33
2023-03-28,34
2023-03-29,32
2023-03-30,46
2023-03-31,30
2023-04-01,28
2023-04-02,37
2023-04-03,37
2023-04-04,33
2023-04-05,30
2023-04-06,44
2023-04-07,50
2023-04-08,52
2023-04-09,71
2023-04-10,70
2023-04-11,49
2023-04-12,32
2023-04-13,31
2023-04-14,34
2023-04-15,50
2023-04-16,55
2023-04-17,56
2023-04-18,58
2023-04-19,45
2023-04-20,46
2023-04-21,59
2023-04-22,59
2023-04-23,58
2023-04-24,39
2023-04-25,35
2023-04-26,34
2023-04-27,33
2023-04-28,41
2023-04-29,55
2023-04-30,45
2023-05-01,42
2023-05-02,51
2023-05-03,36
2023-05-04,38
2023-05-05,40
2023-05-06,41
2023-05-07,43
2023-05-08,36
2023-05-09,39
2023-05-10,40
2023-05-11,46
2023-05-12,44
2023-05-13,46
2023-05-14,52
2023-05-15,56
2023-05-16,48
2023-05-17,33
2023-05-18,31
2023-05-19,31
2023-05-20,31
2023-05-21,55
2023-05-22,48
2023-05-23,42
2023-05-24,43
2023-05-25,43
2023-05-26,45
2023-05-27,39
2023-05-28,39
2023-05-29,37
2023-05-30,35
2023-05-31,33
2023-06-01,33
2023-06-02,40
2023-06-03,32
2023-06-04,32
2023-06-05,36
2023-06-06,40
2023-06-07,53
2023-06-08,56
2023-06-09,51
2023-06-10,42
2023-06-11,43
2023-06-12,45
2023-06-13,39
2023-06-14,35
2023-06-15,38
2023-06-16,44
2023-06-17,48
2023-06-18,58
2023-06-19,58
2023-06-20,70
2023-06-21,73
2023-06-22,53
2023-06-23,42
2023-06-24,43
2023-06-25,42
2023-06-26,48
2023-06-27,35
2023-06-28,28
2023-06-29,34
2023-06-30,48
2023-07-01,40
2023-07-02,33
2023-07-03,40
2023-07-04,40
2023-07-05,40
2023-07-06,34
2023-07-07,38
2023-07-08,50
2023-07-09,48
2023-07-10,42
2023-07-11,45
2023-07-12,40
2023-07-13,34
2023-07-14,35
2023-07-15,43
2023-07-16,33
2023-07-17,32
2023-07-18,33
2023-07-19,33
2023-07-20,30
2023-07-21,23
2023-07-22,30
2023-07-23,34
2023-07-24,28
2023-07-25,27
2023-07-26,26
2023-07-27,24
2023-07-28,24
2023-07-29,28
2023-07-30,30
2023-07-31,25
2023-08-01,26
2023-08-02,26
2023-08-03,25
2023-08-04,28
2023-08-05,28
2023-08-06,34
2023-08-07,30
2023-08-08,30
2023-08-09,24
2023-08-10,25
2023-08-11,32
2023-08-12,35
2023-08-13,35
2023-08-14,34
2023-08-15,37
2023-08-16,38
2023-08-17,33
2023-08-18,39
2023-08-19,50
2023-08-20,51
2023-08-21,36
2023-08-22,29
2023-08-23,37
2023-08-24,39
2023-08-25,44
2023-08-26,41
2023-08-27,33
2023-08-28,30
2023-08-29,25
2023-08-30,25
2023-08-31,27
2023-09-01,26
2023-09-02,46
2023-09-03,43
2023-09-04,32
2023-09-05,34
2023-09-06,38
2023-09-07,46
2023-09-08,51
2023-09-09,56
2023-09-10,63
2023-09-11,63
2023-09-12,63
2023-09-13,45
2023-09-14,27
2023-09-15,27
2023-09-16,32
2023-09-17,49
2023-09-18,50
2023-09-19,35
2023-09-20,28
2023-09-21,33
2023-09-22,34
2023-09-23,27
2023-09-24,29
2023-09-25,34
2023-09-26,48
2023-09-27,60
2023-09-28,63
2023-09-29,63
2023-09-30,43
2023-10-01,35
2023-10-02,41
2023-10-03,50
2023-10-04,32
2023-10-05,32
2023-10-06,36
2023-10-07,32
2023-10-08,23
2023-10-09,25
2023-10-10,40
2023-10-11,43
2023-10-12,43
2023-10-13,39
2023-10-14,41
2023-10-15,26
2023-10-16,21
2023-10-17,30
2023-10-18,49
2023-10-19,59
2023-10-20,54
2023-10-21,37
2023-10-22,43
2023-10-23,29
2023-10-24,52
2023-10-25,56
2023-10-26,51
2023-10-27,51
2023-10-28,45
2023-10-29,33
2023-10-30,22
2023-10-31,29
2023-11-01,20
2023-11-02,27
2023-11-03,34
2023-11-04,28
2023-11-05,21
2023-11-06,23
2023-11-07,21
2023-11-08,20
2023-11-09,23
2023-11-10,21
2023-11-11,27
2023-11-12,36
2023-11-13,40
2023-11-14,31
2023-11-15,25
2023-11-16,28
2023-11-17,24
2023-11-18,30
2023-11-19,39
2023-11-20,30
2023-11-21,32
2023-11-22,44
2023-11-23,45
2023-11-24,30
2023-11-25,22
2023-11-26,22
2023-11-27,45
2023-11-28,53
2023-11-29,46
2023-11-30,48
2023-12-01,60
2023-12-02,55
2023-12-03,53
2023-12-04,60
2023-12-05,74
2023-12-06,93
2023-12-07,77
2023-12-08,72
2023-12-09,69
2023-12-10,49
2023-12-11,26
2023-12-12,25
2023-12-13,50
2023-12-14,52
2023-12-15,53
2023-12-16,59
2023-12-17,50
2023-12-18,42
2023-12-19,49
2023-12-20,31
2023-12-21,25
2023-12-22,33
2023-12-23,32
2023-12-24,28
2023-12-25,29
2023-12-26,29
2023-12-27,25
2023-12-28,31
2023-12-29,26
2023-12-30,27
2023-12-31,37
2024-01-01,28
2024-01-02,24
2024-01-03,24
2024-01-04,19
2024-01-05,20
2024-01-06,34
2024-01-07,31
2024-01-08,29
2024-01-09,48
2024-01-10,66
2024-01-11,62
2024-01-12,52
2024-01-13,37
2024-01-14,26
2024-01-15,25
2024-01-16,24
2024-01-17,44
2024-01-18,64
2024-01-19,50
2024-01-20,43
2024-01-21,45
2024-01-22,30
2024-01-23,27
2024-01-24,29
2024-01-25,31
2024-01-26,39
2024-01-27,30
2024-01-28,50
2024-01-29,49
2024-01-30,54
2024-01-31,47
2024-02-01,27
2024-02-02,32
2024-02-03,33
2024-02-04,28
2024-02-05,27
2024-02-06,42
2024-02-07,31
2024-02-08,37
2024-02-09,41
2024-02-10,45
2024-02-11,59
2024-02-12,49
2024-02-13,51
2024-02-14,47
2024-02-15,37
2024-02-16,45
2024-02-17,33
2024-02-18,29
2024-02-19,28
2024-02-20,28
2024-02-21,39
2024-02-22,32
2024-02-23,28
2024-02-24,33
2024-02-25,30
2024-02-26,44
2024-02-27,57
2024-02-28,50
2024-02-29,54
2024-03-01,65
2024-03-02,74
2024-03-03,65
2024-03-04,61
2024-03-05,62
2024-03-06,58
2024-03-07,60
2024-03-08,58
2024-03-09,64
2024-03-10,58
2024-03-11,47
2024-03-12,47
2024-03-13,66
2024-03-14,61
2024-03-15,56
2024-03-16,43
2024-03-17,33
2024-03-18,28
2024-03-19,33
2024-03-20,56
2024-03-21,68
2024-03-22,54
2024-03-23,44
2024-03-24,37
2024-03-25,27
2024-03-26,39
2024-03-27,40
2024-03-28,43
2024-03-29,31
2024-03-30,31
2024-03-31,52
2024-04-01,64
2024-04-02,43
2024-04-03,33
2024-04-04,35
2024-04-05,32
2024-04-06,31
2024-04-07,31
2024-04-08,50
2024-04-09,60
2024-04-10,36
2024-04-11,36
2024-04-12,44
2024-04-13,47
2024-04-14,38
2024-04-15,34
2024-04-16,35
2024-04-17,32
2024-04-18,30
2024-04-19,30
2024-04-20,34
2024-04-21,33
2024-04-22,34
2024-04-23,35
2024-04-24,50
2024-04-25,58
2024-04-26,45
2024-04-27,41
2024-04-28,35
2024-04-29,30
2024-04-30,37
2024-05-01,38
2024-05-02,38
2024-05-03,38
2024-05-04,34
2024-05-05,33
2024-05-06,35
2024-05-07,32
2024-05-08,33
2024-05-09,34
2024-05-10,37
2024-05-11,38
2024-05-12,33
2024-05-13,37
2024-05-14,37
2024-05-15,36
2024-05-16,37
2024-05-17,36
2024-05-18,32
2024-05-19,31
2024-05-20,35
2024-05-21,39
2024-05-22,41
2024-05-23,49
2024-05-24,42
2024-05-25,40
2024-05-26,39
2024-05-27,35
2024-05-28,34
2024-05-29,32
2024-05-30,29
2024-05-31,31
2024-06-01,38
2024-06-02,38
2024-06-03,38
2024-06-04,34
2024-06-05,34
2024-06-06,35
2024-06-07,38
2024-06-08,44
2024-06-09,34
2024-06-10,29
2024-06-11,29
2024-06-12,31
2024-06-13,30
2024-06-14,33
2024-06-15,32
2024-06-16,29
2024-06-17,29
2024-06-18,30
2024-06-19,31
2024-06-20,31
2024-06-21,37
2024-06-22,42
2024-06-23,36
2024-06-24,31
2024-06-25,31
2024-06-26,37
2024-06-27,43
2024-06-28,49
2024-06-29,44
2024-06-30,38
2024-07-01,33
2024-07-02,25
2024-07-03,26
2024-07-04,30
2024-07-05,31
2024-07-06,32
2024-07-07,32
2024-07-08,31
2024-07-09,40
2024-07-10,43
2024-07-11,38
2024-07-12,37
2024-07-13,34
2024-07-14,33
2024-07-15,38
2024-07-16,36
2024-07-17,32
2024-07-18,34
2024-07-19,37
2024-07-20,39
2024-07-21,46
2024-07-22,36
2024-07-23,35
2024-07-24,31
2024-07-25,28
2024-07-26,31
2024-07-27,33
2024-07-28,32
2024-07-29,26
2024-07-30,32
2024-07-31,42
2024-08-01,40
2024-08-02,30
2024-08-03,32
2024-08-04,30
2024-08-05,28
2024-08-06,34
2024-08-07,40
2024-08-08,37
2024-08-09,33
2024-08-10,36
2024-08-11,33
2024-08-12,33
2024-08-13,37
2024-08-14,46
2024-08-15,46
2024-08-16,41
2024-08-17,34
2024-08-18,31
2024-08-19,36
2024-08-20,42
2024-08-21,37
2024-08-22,30
2024-08-23,37
2024-08-24,35
2024-08-25,38
2024-08-26,31
2024-08-27,38
2024-08-28,41
2024-08-29,55
2024-08-30,50
2024-08-31,37
2024-09-01,32
2024-09-02,35
2024-09-03,51
2024-09-04,55
2024-09-05,56
2024-09-06,55
2024-09-07,60
2024-09-08,59
2024-09-09,45
2024-09-10,31
2024-09-11,26
2024-09-12,31
2024-09-13,34
2024-09-14,32
2024-09-15,32
2024-09-16,30
2024-09-17,36
2024-09-18,35
2024-09-19,36
2024-09-20,38
2024-09-21,36
2024-09-22,40
2024-09-23,49
2024-09-24,51
2024-09-25,31
2024-09-26,30
2024-09-27,27
2024-09-28,29
2024-09-29,29
2024-09-30,25
2024-10-01,28
2024-10-02,41
2024-10-03,27
2024-10-04,27
2024-10-05,24
2024-10-06,26
2024-10-07,37
2024-10-08,42
2024-10-09,34
2024-10-10,25
2024-10-11,25
2024-10-12,31
2024-10-13,27
2024-10-14,25
2024-10-15,29
2024-10-16,32
2024-10-17,39
2024-10-18,36
2024-10-19,38
2024-10-20,43
2024-10-21,42
2024-10-22,46
2024-10-23,47
2024-10-24,58
2024-10-25,61
2024-10-26,64
2024-10-27,62
2024-10-28,55
2024-10-29,59
2024-10-30,53
2024-10-31,35
2024-11-01,47
2024-11-02,40
2024-11-03,29
2024-11-04,43
2024-11-05,60
2024-11-06,67
2024-11-07,81
2024-11-08,70
2024-11-09,79
2024-11-10,79
2024-11-11,90
2024-11-12,87
2024-11-13,76
2024-11-14,45
2024-11-15,40
2024-11-16,38
2024-11-17,34
2024-11-18,25
2024-11-19,27
2024-11-20,24
2024-11-21,26
2024-11-22,38
2024-11-23,31
2024-11-24,26
2024-11-25,27
2024-11-26,33
2024-11-27,39
2024-11-28,28
2024-11-29,21
2024-11-30,40
2024-12-01,49
2024-12-02,55
2024-12-03,51
2024-12-04,38
2024-12-05,44
2024-12-06,32
2024-12-07,33
2024-12-08,30
2024-12-09,48
2024-12-10,39
2024-12-11,48
2024-12-12,52
2024-12-13,64
2024-12-14,61
2024-12-15,45
2024-12-16,23
2024-12-17,26
2024-12-18,36
2024-12-19,28
2024-12-20,28
2024-12-21,25
2024-12-22,24
2024-12-23,26
2024-12-24,22
2024-12-25,50
2024-12-26,67
2024-12-27,84
2024-12-28,81
2024-12-29,89
2024-12-30,69
2024-12-31,50
2025-01-01,45
2025-01-02,28
2025-01-03,26
2025-01-04,27
2025-01-05,44
2025-01-06,30
2025-01-07,25
2025-01-08,23
2025-01-09,34
2025-01-10,28
2025-01-11,26
2025-01-12,27
2025-01-13,32
2025-01-14,51
2025-01-15,50
2025-01-16,51
2025-01-17,57
2025-01-18,70
2025-01-19,78
2025-01-20,71
2025-01-21,75
2025-01-22,87
2025-01-23,62
2025-01-24,40
2025-01-25,26
2025-01-26,29
2025-01-27,26
2025-01-28,23
2025-01-29,27
2025-01-30,28
2025-01-31,35
2025-02-01,33
2025-02-02,45
2025-02-03,62
2025-02-04,71
2025-02-05,74
2025-02-06,64
2025-02-07,52
2025-02-08,57
2025-02-09,69
2025-02-10,74
2025-02-11,70
2025-02-12,70
2025-02-13,78
2025-02-14,63
2025-02-15,38
2025-02-16,42
2025-02-17,52
2025-02-18,59
2025-02-19,62
2025-02-20,62
2025-02-21,68
2025-02-22,66
2025-02-23,55
2025-02-24,51
2025-02-25,40
2025-02-26,58
2025-02-27,57
2025-02-28,53
